{
    "areaList": [
        {
            "name": "安溪潮3A级乡村旅游景区",
            "sw": [106.369475, 31.246575],
            "ne": [106.416682, 31.253766],
            "position": [106.37369, 31.25377]
        },
        {
            "name": "三条沟村研学旅游基地",
            "sw": [106.341666, 31.264331],
            "ne": [106.380633, 31.26888],
            "position": []
        },
        {
            "name": "朱德故里国家5A级景区",
            "sw": [106.554974, 31.444196],
            "ne": [106.61229, 31.487687],
            "position": [106.60887, 31.45982]
        }
    ]
}